{"accuracy": 0.9776041507720947, "loss": 0.058433886617422104, "precision": 0.9776041507720947, "_timestamp": 1651540159, "_runtime": 609, "_step": 16, "_wandb": {"runtime": 606}}