{"accuracy": [0.953125, 0.9609375, 0.9453125, 0.9765625, 0.96875, 0.953125, 0.9453125, 0.953125, 0.984375, 0.9765625, 0.9453125, 0.984375, 1.0, 0.9296875, 1.0], "loss": [0.11027567833662033, 0.16693063080310822, 0.1517089307308197, 0.05031907558441162, 0.084365613758564, 0.12470950931310654, 0.17897604405879974, 0.12706755101680756, 0.04165085032582283, 0.07679589837789536, 0.17903830111026764, 0.07304366677999496, 0.0352819450199604, 0.1394033432006836, 0.05184844508767128], "precision": 0.9651041626930237, "_timestamp": 1651469117, "_runtime": 572, "_step": 6, "_wandb": {"runtime": 567}}