{"accuracy": 0.9750000238418579, "loss": 0.07855547219514847, "precision": 0.9750000238418579, "_timestamp": 1651543265, "_runtime": 1001, "_step": 21}