{"accuracy": 0.9524306058883667, "loss": 0.15624871850013733, "precision": 0.9524306058883667, "_timestamp": 1651469763, "_runtime": 318, "_step": 6}