{"accuracy": [1.0, 1.0, 1.0, 1.0, 1.0, 1.0, 1.0, 1.0, 1.0, 1.0, 1.0, 1.0, 1.0, 1.0, 1.0], "loss": [7.822026236681268e-05, 6.889360520290211e-05, 7.178529631346464e-05, 7.931147410999984e-05, 7.360496965702623e-05, 6.865152681712061e-05, 7.084598473738879e-05, 7.419218309223652e-05, 7.8758348536212e-05, 7.884559454396367e-05, 6.911846139701083e-05, 7.237128738779575e-05, 7.873365393606946e-05, 7.671955972909927e-05, 7.730283687124029e-05], "precision": 1.0, "_timestamp": 1651468203, "_runtime": 674, "_step": 6, "_wandb": {"runtime": 991}}